/recordings/index.html,/,,Homepage,,,
/recordings/cat.html,/releases/,,Releases catalog page,,,
/recordings/info.html,/info/,,Info page,,,
/recordings/artists.html,/releases/,,Artists page,,,
/recordings/miacd062.html,/release/erik-k-skodvin-from-darkness-original-motion-picture-soundtrack,MIA 062,Erik K Skodvin,From Darkness (Original Motion Picture Soundtrack),2025,
/recordings/miacd061.html,/release/erik-k-skodvin-afterwar,MIA 061,Erik K Skodvin,Afterwar,2024,
/recordings/miacd060.html,/release/olga-anna-markowska-iskra,MIA 060,Olga Anna Markowska,ISKRA,2025,
/recordings/miacd059.html,/release/kaboom-karavan-fiasko,MIA 059,Kaboom Karavan,Fiasko!,2024,
/recordings/miacd058.html,/release/the-pitch-julia-reidy-neutral-star,MIA 058,The Pitch & Julia Reidy,Neutral Star,2023,
/recordings/miacd057.html,/release/mondkopf-spring-stories,MIA 057,Mondkopf,Spring Stories,2022,
/recordings/miacd056.html,/release/marcus-fjellstrom-the-last-sunset-of-the-year,MIA 056,Marcus Fjellström,The Last Sunset of the Year,2024,
/recordings/miacd055.html,/release/svarte-greiner-devolving-trust,MIA 055,Svarte Greiner,Devolving Trust,2022,
/recordings/miacd054.html,/release/erik-k-skodvin-schachten,MIA 054,Erik K Skodvin,Schächten,2022,
/recordings/miacd053.html,/release/all-that-we-see-or-seem-st,MIA 053,All That We See or Seem,S/T,2022,
/recordings/miacd052.html,/release/deaf-center-neon-city,MIA 052,Deaf Center,Neon City,2022,
/recordings/miacd051.html,/release/matt-christensen-constant-green,MIA 051,Matt Christensen,Constant Green,2022,
/recordings/miacd050.html,/release/james-welburn-sleeper-in-the-void,MIA 050,James Welburn,Sleeper in the Void,2021,
/recordings/miacd049.html,/release/erik-k-skodvin-anbessa,MIA 049,Erik K Skodvin,Anbessa,2020,
/recordings/miacd048.html,/release/joana-guerra-chao-vermelho,MIA 048,Joana Guerra,Chão Vermelho,2020,
/recordings/miacd047.html,/release/zelienople-hold-you-up,MIA 047,Zelienople,Hold You Up,2020,
/recordings/miacd046.html,/release/kaboom-karavan-the-log-and-the-leeway,MIA 046,Kaboom Karavan,The Log and the Leeway,2020,
/recordings/miacd045.html,/release/gareth-davis-scanner-footfalls,MIA 045,Gareth Davis & Scanner,Footfalls,2019,
/recordings/miacd044.html,/release/marcus-fjellstrom-gebrauchsmusik,MIA 044,Marcus Fjellström,Gebrauchsmusik,2019,
/recordings/miacd043.html,/release/marcus-fjellstrom-exercises-in-estrangement,MIA 043,Marcus Fjellström,Exercises in Estrangement,2019,
/recordings/miacd042.html,/release/deaf-center-svarte-greiner-owl-splinters-twin,MIA 042,Deaf Center / Svarte Greiner,Owl Splinters / Twin,2019,
/recordings/miacd041.html,/release/clarice-jensen-for-this-from-that-will-be-filled,MIA 041,Clarice Jensen,For this from that will be filled,2018,
/recordings/miacd040.html,/release/svarte-greiner-apart,MIA 040,Svarte Greiner,Apart,2017,
/recordings/miacd039.html,/release/svarte-greiner-knive,MIA 039,Svarte Greiner,Knive,2017,
/recordings/miacd038.html,/release/yair-elazar-glotman-mats-erlandsson-negative-chambers,MIA 038,Yair Elazar Glotman & Mats Erlandsson,Negative Chambers,2017,
/recordings/miacd037.html,/release/svarte-greiner-moss-garden,MIA 037,Svarte Greiner,Moss Garden,2016,
/recordings/miacd036.html,/release/marcus-fjellstrom-skelektikon,MIA 036,Marcus Fjellström,Skelektikon,2017,
/recordings/miacd035.html,/release/deaf-center-pale-ravine,MIA 035,Deaf Center,Pale Ravine,2016,
/recordings/miacd034.html,/release/matt-christensen-honeymoons,MIA 034,Matt Christensen,Honeymoons,2016,
/recordings/miacd033.html,/release/bbs-palace,MIA 033,B/B/S/,Palace,2016,
/recordings/miacd032.html,/release/volcano-the-bear-commencing,MIA 032,Volcano The Bear,Commencing,2016,
/recordings/miacd031.html,/release/james-welburn-hold,MIA 031,James Welburn,Hold,2015,
/recordings/miacd030.html,/release/kreng-the-summoner,MIA 030,Kreng,The Summoner,2015,
/recordings/miacd029.html,/release/andrea-belfi-natura-morta,MIA 029,Andrea Belfi,Natura Morta,2014,
/recordings/miacd028.html,/release/shivers-st,MIA 028,Shivers,S/T,2014,
/recordings/miacd027.html,/release/eric-thielemans-sprang,MIA 027,Eric Thielemans,Sprang,2014,
/recordings/miacd026.html,/release/gabriel-saloman-soldiers-requiem,MIA 026,Gabriel Saloman,Soldier´s Requiem,2014,
/recordings/miacd025.html,/release/kaboom-karavan-short-walk-with-olaf,MIA 025,Kaboom Karavan,Short Walk With Olaf,2013,
/recordings/miacd024.html,/release/kaboom-karavan-hokus-fokus,MIA 024,Kaboom Karavan,Hokus Fokus,2013,
/recordings/miacd023.html,/release/svarte-greiner-black-tie,MIA 023,Svarte Greiner,Black Tie,2013,
/recordings/miacd022-7.html,/release/bbs-half-moon,MIA 022-7,B/B/S/,Half Moon,2013,
/recordings/miacd022.html,/release/b-b-s-brick-mask,MIA 022,B/B/S/,Brick Mask,2013,
/recordings/miacd021.html,/release/gabriel-saloman-adhere,MIA 021,Gabriel Saloman,Adhere,2013,
/recordings/miacd020.html,/release/kreng-works-for-abattoir-ferme-2007-2011,MIA 020,Kreng,Works for Abattoir Férme 2007 - 2011,2012,
/recordings/miacd019.html,/release/gareth-davis-frances-marie-uitti-gramercy,MIA 019,Gareth Davis & Frances-Marie Uitti,Gramercy,2012,
/recordings/miacd018.html,/release/gultskra-artikler-abtu-anet,MIA 018,Gultskra Artikler,Abtu / Anet,2012,
/recordings/miacd017.html,/release/simon-scott-bunny,MIA 017,Simon Scott,Bunny,2012,
/recordings/miacd016.html,/release/kreng-grimoire,MIA 016,Kreng,Grimoire,2012,
/recordings/miacd015.html,/release/kaboom-karavan-barra-barra,MIA 015,Kaboom Karavan,Barra Barra,2012,
/recordings/miacd014.html,/release/juv-st,MIA 014,Juv,S/T,2012,
/recordings/miacd013.html,/release/marcus-fjellstrom-schattenspieler,MIA 013,Marcus Fjellström,Schattenspieler,2012,
/recordings/miacd012.html,/release/fns-st,MIA 012,FNS,S/T,2012,
/recordings/miacd011.html,/release/simon-scott-navigare,MIA 011,Simon Scott,Navigare,2012,
/recordings/miacd010.html,/release/kreng-lautopsie-phenomenale-de-dieu,MIA 010,Kreng,L´Autopsie Phenomenale De Dieu,2009,
/recordings/miacd009.html,/release/elegi-varde,MIA 009,Elegi,Varde,2009,
/recordings/miacd008.html,/release/jasper-tx-black-sleep,MIA 008,Jasper TX,Black Sleep,2008,
/recordings/miacd007.html,/release/jacaszek-treny,MIA 007,Jacaszek,Treny,2008,
/recordings/miacd006.html,/release/gultskra-artikler-kasha-iz-topora,MIA 006,Gultskra Artikler,Kasha Iz Topora,2007,
/recordings/miacd005.html,/release/elegi-sistereis,MIA 005,Elegi,Sistereis,2007,
/recordings/miacd004.html,/release/rafael-anton-irisiarri-daydreaming,MIA 004,Rafael Anton Irisiarri,Daydreaming,2007,
/recordings/miacd003.html,/release/greg-haines-slumber-tides,MIA 003,Greg Haines,Slumber Tides,2006,
/recordings/miacd002.html,/release/encre-plexus-ii,MIA 002,Encre,Plexus II,2006,
/recordings/miacd001.html,/release/va-silva,MIA 001,V/A,Silva,2006,
